{"stats":{"minecraft:killed":{"minecraft:sheep":1},"minecraft:dropped":{"minecraft:mutton":1,"minecraft:brown_wool":1},"minecraft:picked_up":{"minecraft:brown_wool":1,"minecraft:mutton":1},"minecraft:used":{"minecraft:brown_wool":2},"minecraft:custom":{"minecraft:jump":42,"minecraft:time_since_rest":5473,"minecraft:damage_dealt":95,"minecraft:crouch_one_cm":300,"minecraft:leave_game":2,"minecraft:sprint_one_cm":60,"minecraft:play_time":5473,"minecraft:time_since_death":5473,"minecraft:walk_one_cm":6241,"minecraft:sneak_time":57,"minecraft:total_world_time":5473,"minecraft:mob_kills":1,"minecraft:drop":2,"minecraft:fly_one_cm":1465,"minecraft:horse_one_cm":84324}},"DataVersion":3953}